player_id,name_full,w,sv,hld,so,er,bb,h,ip,SP,RP
425794,"Wainwright, Adam",17,0,0,174,70,50,168,206.1,True,False
425844,"Greinke, Zack",11,0,1,120,79,36,164,171.0,True,False
445276,"Jansen, Kenley",4,38,0,86,17,36,36,69.0,False,True
446372,"Kluber, Corey",5,0,0,82,34,33,74,80.0,True,False
448179,"Hill, Rich",7,0,0,150,68,55,137,158.43333333333334,True,False
448281,"Doolittle, Sean",3,1,5,53,25,23,50,49.43333333333334,False,True
450203,"Morton, Charlie",14,0,0,216,69,58,136,185.33333333333334,True,False
453178,"Kennedy, Ian",3,26,0,62,20,17,45,56.333333333333336,False,True
453268,"Bard, Daniel",7,20,4,80,38,36,69,65.66666666666667,False,True
453286,"Scherzer, Max",15,0,0,236,49,36,119,179.1,True,False
453343,"Melancon, Mark",4,39,0,59,16,25,54,64.66666666666667,False,True
455119,"Martin, Chris",2,1,13,33,19,6,49,43.333333333333336,False,True
456034,"Price, David",5,1,2,58,33,26,79,73.66666666666667,True,True
458677,"Wilson, Justin",1,0,4,29,20,16,32,34.0,False,True
458681,"Lynn, Lance",11,0,0,176,47,45,123,157.0,True,False
459429,"McGee, Jake",3,31,8,58,18,10,44,59.666666666666664,False,True
468504,"Chacin, Jhoulys",3,0,18,47,31,28,53,64.1,False,True
471911,"Carrasco, Carlos",1,0,0,50,36,18,59,53.666666666666664,True,False
472610,"Garcia, Luis",1,2,12,34,12,8,25,33.333333333333336,False,True
476595,"Luetge, Lucas",4,1,3,78,22,15,67,72.1,False,True
477132,"Kershaw, Clayton",10,0,0,144,48,21,103,121.66666666666667,True,False
489119,"Miley, Wade",12,0,0,125,61,50,166,163.0,True,False
489334,"Stammen, Craig",6,1,7,83,30,13,79,88.1,True,True
493603,"Ottavino, Adam",7,11,22,71,29,35,55,62.0,False,True
500610,"Guerra, Deolis",4,0,3,62,30,20,53,65.66666666666667,False,True
500779,"Quintana, Jose",0,0,4,85,45,35,74,62.66666666666667,True,True
501381,"Pineda, Michael",9,0,0,88,44,21,114,109.1,True,False
501625,"Alvarez, Jose",5,0,8,42,17,19,53,64.66666666666667,False,True
501789,"Harris, Will",0,0,0,9,6,3,7,6.0,False,True
501925,"Smith, Joe",4,0,4,34,22,8,47,39.33333333333333,False,True
501985,"Minor, Mike",8,0,0,149,89,41,156,158.33333333333334,True,False
502043,"Gibson, Kyle",10,0,0,155,75,64,158,182.0,True,False
502085,"Robertson, David",0,0,2,16,6,4,11,12.0,False,True
502171,"Cobb, Alex",8,0,0,98,39,33,85,93.1,True,False
502179,"Espino, Paolo",5,1,0,92,52,25,108,109.66666666666667,True,True
502202,"Boxberger, Brad",5,4,23,83,24,25,44,64.66666666666667,False,True
506433,"Darvish, Yu",8,0,0,199,78,44,138,166.1,True,False
517008,"Colome, Alex",4,17,5,58,30,23,68,65.0,False,True
518489,"Brasier, Ryan",1,0,3,9,2,4,12,12.0,False,True
518516,"Bumgarner, Madison",7,0,0,124,76,39,134,146.1,True,False
518553,"Cishek, Steve",0,0,21,64,26,41,61,68.1,False,True
518617,"Diekman, Jake",3,7,14,83,26,34,47,60.666666666666664,False,True
518633,"Duffy, Danny",4,0,0,65,17,22,52,61.0,True,False
518876,"Kelly, Merrill",7,0,0,130,78,41,163,158.0,True,False
518886,"Kimbrel, Craig",4,24,6,100,15,23,31,59.666666666666664,False,True
519008,"McFarland, T.J.",4,0,15,21,11,9,32,38.666666666666664,False,True
519141,"Pomeranz, Drew",1,0,13,30,5,10,19,25.333333333333332,False,True
519151,"Pressly, Ryan",5,26,1,81,16,13,49,64.0,False,True
519242,"Sale, Chris",5,0,0,52,15,12,45,42.666666666666664,True,False
519293,"Smith, Will",3,37,0,87,26,28,49,68.0,False,True
520980,"Baez, Pedro",0,0,0,5,1,1,2,4.1,False,False
521230,"Hendriks, Liam",8,38,0,113,20,7,45,71.0,False,True
523260,"Kelly, Joe",2,2,13,50,14,15,28,44.0,False,True
527048,"Perez, Martin",7,0,1,97,60,36,136,114.0,True,True
528748,"Castellanos, Humberto",2,0,1,29,25,15,48,45.666666666666664,True,True
542585,"Cisnero, Jose",4,4,18,62,25,31,51,61.666666666666664,False,True
542881,"Anderson, Tyler",7,0,0,134,84,38,170,166.76666666666665,True,False
542914,"Bass, Anthony",3,0,19,58,26,24,55,61.333333333333336,False,True
542947,"Bleier, Richard",3,0,20,44,19,6,51,58.0,False,True
543037,"Cole, Gerrit",16,0,0,243,65,41,151,181.1,True,False
543101,"DeSclafani, Anthony",13,0,0,152,59,42,141,167.33333333333334,True,False
543135,"Eovaldi, Nathan",11,0,0,195,76,35,182,182.1,True,False
543238,"Gose, Anthony",0,0,0,9,1,2,2,6.666666666666667,False,True
543243,"Gray, Sonny",7,0,0,155,63,50,115,135.1,True,False
543272,"Hand, Brad",6,21,3,61,28,26,56,64.1,False,True
543294,"Hendricks, Kyle",14,0,0,131,96,44,200,181.0,True,False
543339,"Hudson, Daniel",5,0,16,75,19,16,40,51.666666666666664,False,True
543475,"Lyles, Jordan",10,0,0,146,103,56,194,180.0,True,False
543507,"May, Trevor",7,4,16,83,25,24,55,62.666666666666664,False,True
543521,"McHugh, Collin",6,1,6,74,11,12,48,64.0,True,True
543606,"Odorizzi, Jake",6,0,0,91,49,34,97,104.66666666666667,True,False
544727,"Familia, Jeurys",9,1,12,72,26,27,57,59.333333333333336,False,True
544931,"Strasburg, Stephen",1,0,0,21,11,14,16,21.333333333333332,True,False
545333,"Bauer, Trevor",8,0,0,137,31,37,71,107.66666666666667,True,False
545343,"Head, Louis",2,0,0,32,9,9,21,35.0,False,True
547001,"Poteet, Cody",2,0,0,32,17,16,25,30.333333333333332,True,False
547179,"Lorenzen, Michael",1,4,11,21,18,14,26,29.0,False,True
547943,"Ryu, Hyun Jin",14,0,0,143,82,37,170,169.0,True,False
547973,"Chapman, Aroldis",6,30,1,97,21,38,36,56.333333333333336,False,True
548384,"Raley, Brooks",2,2,10,65,26,16,43,49.0,False,True
548389,"Stripling, Ross",5,0,0,94,54,30,99,101.1,True,True
552640,"Kittredge, Andrew",9,8,7,77,15,15,55,71.66666666666667,True,True
554340,"Garcia, Yimi",4,15,4,60,27,18,49,57.66666666666667,False,True
554430,"Wheeler, Zack",14,0,0,247,66,46,169,213.1,True,False
554431,"Matzek, Tyler",0,0,24,77,18,37,40,63.0,False,True
570257,"Rodriguez, Joely",2,1,14,47,24,18,53,46.33333333333333,False,True
570488,"Valdez, Phillips",2,1,2,35,26,19,35,40.0,False,True
570666,"Cessa, Luis",5,0,4,54,18,19,55,64.66666666666667,False,True
571510,"Boyd, Matthew",3,0,0,67,34,23,77,78.66666666666667,True,False
571578,"Corbin, Patrick",9,0,0,143,111,60,192,171.33333333333334,True,False
571670,"Floro, Dylan",6,15,11,62,20,25,53,64.0,False,True
571760,"Heaney, Andrew",8,0,0,150,84,41,130,129.66666666666666,True,True
571901,"Loup, Aaron",6,0,17,57,6,16,37,56.666666666666664,False,True
571927,"Matz, Steven",14,0,0,144,64,43,158,150.33333333333334,True,False
571945,"Mikolas, Miles",2,0,0,31,21,11,43,44.666666666666664,True,False
571948,"Milner, Hoby",0,0,1,30,13,3,30,21.333333333333332,False,True
572070,"Richards, Garrett",7,3,2,115,74,60,158,136.33333333333334,True,True
572125,"Selman, Sam",0,0,1,19,16,12,20,25.0,False,True
572193,"Tepera, Ryan",0,2,22,74,19,19,35,61.333333333333336,False,True
572955,"Johnson, Pierce",3,0,12,77,21,27,47,58.666666666666664,False,True
572971,"Keuchel, Dallas",9,0,0,95,95,59,189,162.0,True,False
573009,"Mantiply, Joe",0,0,11,38,15,17,45,39.666666666666664,False,True
573124,"Rogers, Taylor",2,9,8,59,15,8,38,40.333333333333336,False,True
573186,"Stroman, Marcus",10,0,0,158,60,44,161,179.0,True,False
573204,"Thielbar, Caleb",7,0,12,77,23,20,55,64.0,False,True
579328,"Kikuchi, Yusei",7,0,0,163,77,62,145,157.0,True,False
592094,"Adam, Jason",1,0,2,19,7,6,10,10.333333333333334,False,True
592332,"Gausman, Kevin",14,0,0,227,60,50,150,192.0,True,False
592351,"Gray, Jon",8,0,0,157,76,58,140,149.0,True,False
592390,"Hembree, Heath",2,9,7,83,36,24,45,57.66666666666667,False,True
592426,"Jackson, Luke",2,0,31,70,14,29,45,63.666666666666664,False,True
592473,"Kolarek, Adam",0,0,0,4,8,5,15,9.0,False,True
592662,"Ray, Robbie",13,0,0,248,61,52,150,193.1,True,False
592761,"Smith, Caleb",4,0,2,124,61,63,93,113.66666666666667,True,True
592767,"Smyly, Drew",11,0,0,117,63,41,133,126.66666666666667,True,True
592773,"Stanek, Ryne",3,2,21,83,26,37,46,68.1,False,True
592789,"Syndergaard, Noah",0,0,0,2,2,0,3,2.0,False,False
592791,"Taillon, Jameson",8,0,0,140,69,44,130,144.1,True,False
592826,"Velasquez, Vince",3,0,0,101,66,49,91,94.0,True,False
592836,"Walker, Taijuan",7,0,0,146,79,55,133,159.0,True,False
592858,"Wick, Rowan",0,5,2,29,11,14,17,23.0,False,True
592866,"Williams, Trevor",4,0,0,90,44,31,105,91.0,True,True
593423,"Montas, Frankie",13,0,0,207,70,57,164,187.0,True,False
593576,"Neris, Hector",4,12,11,98,30,32,55,74.1,False,True
593619,"Tapia, Domingo",4,0,7,26,10,15,25,33.33333333333333,False,True
593958,"Rodriguez, Eduardo",13,0,0,185,83,47,172,157.33333333333334,True,False
593974,"Peralta, Wandy",5,5,5,43,19,21,49,50.766666666666666,False,True
594311,"Gustave, Jandel",1,0,0,13,7,5,15,18.333333333333332,False,True
594577,"Mayers, Mike",5,2,18,90,32,26,71,75.0,False,True
594580,"Moll, Sam",0,0,0,8,4,5,8,10.1,False,True
594798,"deGrom, Jacob",7,0,0,146,11,11,40,92.0,True,False
594835,"Gonzales, Marco",10,0,0,108,63,42,125,143.1,True,False
594987,"Sadler, Casey",0,0,16,37,3,10,19,40.333333333333336,False,True
595014,"Treinen, Blake",6,7,32,85,16,25,46,72.1,False,True
595345,"Okert, Steven",3,0,2,40,11,15,22,36.0,False,True
595411,"Sherriff, Ryan",0,1,1,16,9,9,14,14.333333333333334,False,True
595881,"Beede, Tyler",0,0,0,2,3,0,2,1.0,False,False
596001,"Junis, Jakob",2,0,0,41,23,12,43,39.333333333333336,True,True
596057,"Norris, Daniel",2,1,7,58,39,30,55,57.0,False,True
596071,"Peters, Dillon",1,0,0,23,11,10,26,26.333333333333332,True,False
596082,"Reed, Jake",0,0,0,10,4,2,10,9.766666666666666,False,True
596112,"Stephenson, Robert",2,1,4,52,16,18,42,46.0,False,True
596133,"Weaver, Luke",3,0,0,62,31,20,58,65.66666666666667,True,False
596295,"Gomber, Austin",9,0,0,113,58,41,102,115.1,True,False
598264,"Barnes, Matt",6,24,0,84,23,20,41,54.666666666666664,False,True
598287,"Ramirez, Noe",0,1,10,29,12,12,23,36.0,False,True
600887,"Del Pozo, Miguel",0,0,0,4,2,2,8,5.1,False,True
600921,"Machado, Andres",1,0,11,30,14,15,30,35.666666666666664,False,True
601713,"Pivetta, Nick",9,1,0,175,78,65,137,155.0,True,False
605130,"Barlow, Scott",5,16,14,91,20,28,61,74.1,False,True
605135,"Bassitt, Chris",12,0,0,159,55,39,127,157.1,True,False
605151,"Bradley, Archie",7,2,13,40,21,22,51,51.0,False,True
605154,"Brebbia, John",0,0,1,22,12,4,25,18.333333333333332,False,True
605164,"Bundy, Dylan",2,0,0,84,61,34,89,90.66666666666667,True,False
605177,"Chafin, Andrew",2,5,22,64,14,19,45,68.66666666666667,False,True
605194,"Cotton, Jharel",2,0,3,30,12,15,28,30.333333333333332,False,True
605242,"Fulmer, Michael",5,14,9,73,23,20,69,69.66666666666667,True,True
605280,"Holmes, Clay",8,0,12,78,28,29,53,70.0,False,True
605288,"Houser, Adrian",10,0,0,105,51,64,118,142.1,True,False
605347,"Lopez, Jorge",3,0,2,112,82,56,142,121.66666666666667,True,True
605397,"Musgrove, Joe",11,0,0,203,64,54,142,181.1,True,False
605400,"Nola, Aaron",9,0,0,223,93,39,165,180.33333333333334,True,False
605447,"Romano, Jordan",7,23,5,85,15,25,41,63.0,False,True
605483,"Snell, Blake",7,0,0,170,60,69,101,128.33333333333334,True,False
605488,"Springs, Jeffrey",5,2,10,63,17,14,35,44.666666666666664,False,True
605507,"Thompson, Zach",3,0,0,66,27,28,63,75.0,True,True
605513,"Turnbull, Spencer",4,0,0,44,16,12,37,50.0,True,False
605521,"Warren, Art",3,0,1,34,3,8,11,21.0,False,True
605525,"Wendelken, J.B.",4,2,6,39,21,22,44,43.33333333333333,False,True
605538,"Wisler, Matt",3,1,10,62,20,11,41,48.666666666666664,False,True
605540,"Woodruff, Brandon",9,0,0,211,51,43,130,179.1,True,False
606149,"Gallegos, Giovanny",6,14,24,95,27,20,51,80.1,False,True
606160,"Montero, Rafael",5,7,4,42,35,17,59,49.333333333333336,False,True
606303,"Payamps, Joel",1,0,0,38,19,14,44,50.33333333333333,False,True
606424,"Garcia, Jarlin",6,1,11,68,20,18,48,68.66666666666667,False,True
607074,"Rodon, Carlos",13,0,0,185,35,36,91,132.33333333333334,True,False
607200,"Fedde, Erick",7,0,0,128,81,48,144,133.1,True,False
607216,"Krehbiel, Joey",0,0,2,7,4,5,5,8.1,False,True
607237,"Garrett, Amir",0,7,7,61,32,29,46,47.666666666666664,False,True
607359,"Patton, Spencer",2,2,11,48,18,15,36,42.333333333333336,False,True
607455,"Banda, Anthony",2,0,4,32,16,13,39,33.43333333333333,False,True
607481,"Bummer, Aaron",5,2,21,75,22,29,42,56.333333333333336,False,True
607536,"Freeland, Kyle",7,0,0,105,58,38,133,120.66666666666667,True,False
607572,"Howard, Sam",3,0,11,60,28,32,34,45.0,False,True
607625,"Lugo, Seth",4,1,14,55,18,19,41,46.333333333333336,False,True
607644,"Means, John",6,0,0,134,59,26,125,146.33333333333334,True,False
607755,"Vasquez, Andrew",0,0,0,3,0,0,1,1.3333333333333333,False,False
608032,"Estevez, Carlos",3,11,15,60,30,21,71,61.666666666666664,False,True
608331,"Fried, Max",14,0,0,158,56,41,139,165.33333333333334,True,False
608335,"Funkhouser, Kyle",7,1,9,63,26,38,58,68.1,False,True
608337,"Giolito, Lucas",11,0,0,201,70,52,145,178.33333333333334,True,False
608344,"Irvin, Cole",10,0,0,125,84,42,195,178.1,True,False
608349,"Knebel, Corey",4,3,7,30,7,9,16,25.333333333333332,True,True
608371,"Sims, Lucas",5,7,8,76,23,18,34,47.0,False,True
608379,"Wacha, Michael",3,0,2,121,70,31,132,124.66666666666667,True,True
608566,"Marquez, German",12,0,0,176,88,64,165,180.0,True,False
608638,"Chargois, JT",6,0,15,53,15,20,38,53.33333333333333,False,True
608648,"Duffey, Tyler",3,3,22,61,22,28,48,62.333333333333336,False,True
608665,"Graveman, Kendall",5,10,11,61,11,20,35,56.0,False,True
608678,"Leone, Dominic",4,2,15,50,9,22,37,53.666666666666664,True,True
608716,"Steckenrider, Drew",5,14,7,58,15,17,52,67.66666666666667,False,True
608717,"Stratton, Chris",7,8,7,86,32,33,70,79.1,False,True
608718,"Suter, Brent",12,1,9,69,25,24,72,73.1,False,True
608723,"Voth, Austin",4,0,7,59,34,28,57,57.333333333333336,False,True
612434,"Castro, Miguel",3,0,9,77,27,43,48,70.1,False,True
613534,"Adams, Austin",3,0,11,76,24,35,28,52.666666666666664,False,True
614179,"Ruiz, Jose",1,0,4,63,22,25,51,65.0,False,True
615698,"Quantrill, Cal",8,0,1,121,48,47,129,149.33333333333334,True,True
617228,"Sawamura, Hirokazu",5,0,10,61,18,32,45,53.0,False,True
621052,"Reyes, Alex",10,29,3,95,26,52,46,72.1,False,True
621074,"Rucker, Michael",0,1,0,30,22,11,32,28.333333333333332,False,True
621076,"Kaprielian, James",8,0,0,123,54,41,105,119.1,True,False
621107,"Eflin, Zach",4,0,0,99,49,16,116,105.66666666666667,True,False
621111,"Buehler, Walker",16,0,0,212,57,52,149,207.33333333333334,True,False
621112,"Blackburn, Paul",1,0,0,26,25,10,52,38.333333333333336,True,False
621114,"Burr, Ryan",2,0,3,33,10,21,28,36.666666666666664,False,True
621121,"McCullers Jr., Lance",13,0,0,185,57,76,122,162.1,True,False
621219,"Mills, Alec",6,1,0,87,67,34,137,119.0,True,True
621237,"Alvarado, Jose",7,5,16,68,26,47,42,55.666666666666664,False,True
621242,"Diaz, Edwin",5,32,0,89,24,23,43,62.666666666666664,False,True
621244,"Berrios, Jose",12,0,0,204,75,45,159,191.76666666666665,True,False
621249,"Underwood Jr., Duane",2,0,4,65,35,27,77,72.66666666666667,False,True
621295,"Wittgren, Nick",2,1,10,61,35,17,61,62.333333333333336,False,True
621345,"Minter, A.J.",3,0,23,57,22,20,44,52.333333333333336,False,True
621348,"Clay, Sam",0,0,13,34,28,22,55,45.0,False,True
621366,"Borucki, Ryan",3,0,1,21,13,11,18,23.333333333333332,False,True
621368,"Hearn, Taylor",6,0,1,92,54,42,96,104.1,True,True
621381,"Strahm, Matt",0,0,0,4,6,1,15,6.666666666666667,False,True
621593,"Castro, Anthony",1,1,2,32,13,8,23,24.333333333333332,False,True
622072,"Wood, Alex",10,0,0,152,59,39,125,138.33333333333334,True,False
622088,"Antone, Tejay",2,3,8,42,8,13,17,33.666666666666664,False,True
622098,"Smith, Drew",3,0,1,41,11,16,28,41.333333333333336,False,True
622250,"Sborz, Josh",4,1,9,69,26,32,52,59.0,False,True
622251,"Staumont, Josh",4,5,16,72,21,27,43,65.66666666666667,False,True
622253,"Tate, Dillon",0,3,8,49,33,23,61,67.66666666666667,False,True
622491,"Castillo, Luis",8,0,0,192,83,75,181,187.33333333333334,True,False
622503,"Crismatt, Nabil",3,0,3,71,34,24,87,81.1,False,True
622554,"Dominguez, Seranthony",0,0,0,1,0,0,0,1.0,False,False
622608,"Senzatela, Antonio",4,0,0,105,77,32,178,156.33333333333334,True,False
622663,"Severino, Luis",1,0,1,8,0,1,2,6.0,False,False
622694,"Hernandez, Elieser",1,0,0,53,24,14,54,51.666666666666664,True,False
622780,"Perdomo, Angel",1,0,0,28,12,16,12,17.0,False,True
623149,"Sewald, Paul",10,11,16,104,22,24,42,64.66666666666667,False,True
623167,"Flexen, Chris",14,0,0,125,72,40,185,179.33333333333334,True,False
623352,"Hader, Josh",4,34,0,102,8,24,25,58.666666666666664,False,True
623433,"Anderson, Nick",0,1,0,1,3,2,4,6.0,False,True
623437,"Topa, Justin",0,0,0,1,11,1,12,3.3333333333333335,False,False
623465,"Phillips, Evan",1,1,0,11,5,5,11,13.1,False,True
623474,"Herget, Jimmy",2,0,1,20,11,4,20,18.333333333333336,False,True
623485,"Goudeau, Ashton",2,0,0,22,16,17,24,34.33333333333333,False,True
624133,"Suarez, Ranger",8,4,0,107,16,33,73,106.0,True,True
624522,"Thompson, Keegan",3,1,1,55,20,31,48,53.333333333333336,True,True
624647,"Gonzalez, Victor",3,1,17,33,14,19,32,35.333333333333336,False,True
625643,"Lopez, Reynaldo",4,0,0,55,22,13,42,57.666666666666664,True,True
626929,"Thorpe, Lewis",0,0,0,6,8,7,14,15.1,True,False
628345,"Nunez, Darien",0,0,0,8,7,4,8,7.666666666666667,False,True
628452,"Iglesias, Raisel",7,34,0,103,20,12,53,70.0,False,True
628711,"Urias, Julio",20,0,0,195,61,38,151,185.33333333333334,True,False
640444,"Crowe, Wil",4,0,0,111,71,57,126,116.66666666666667,True,False
640448,"Finnegan, Kyle",5,11,13,68,26,34,64,66.0,False,True
640451,"Harvey, Hunter",0,0,2,6,4,3,8,8.333333333333334,False,True
640455,"Manaea, Sean",11,0,0,194,78,41,179,179.1,True,False
640462,"Puk, A.J.",0,0,0,16,9,6,18,13.1,False,True
641154,"Lopez, Pablo",5,0,0,115,35,26,89,102.66666666666667,True,False
641302,"Alexander, Tyler",2,0,3,87,45,28,106,106.1,True,True
641329,"Baker, Bryan",0,0,0,1,0,0,1,1.0,False,False
641360,"Bickford, Phil",4,1,10,59,16,19,36,51.333333333333336,False,True
641386,"Bowden, Ben",3,0,1,42,26,21,44,35.666666666666664,False,True
641394,"Brentz, Jake",5,2,16,76,26,37,45,64.0,False,True
641401,"Brogdon, Connor",5,1,11,50,22,18,47,57.666666666666664,False,True
641447,"Castano, Daniel",0,0,0,13,11,8,22,20.333333333333332,True,False
641482,"Cortes, Nestor",2,0,0,103,30,25,75,93.0,True,True
641540,"Dunning, Dane",5,0,0,114,59,43,126,117.66666666666667,True,False
641582,"Foster, Matt",2,1,2,40,26,13,43,39.0,False,True
641672,"Hatch, Thomas",0,0,0,8,7,6,11,9.1,False,False
641682,"Hendrix, Ryan",5,0,3,35,21,16,33,31.333333333333332,False,True
641703,"Honeywell Jr., Brent",0,0,1,4,4,3,5,4.1,False,False
641712,"Hudson, Dakota",1,0,0,6,2,1,7,8.333333333333334,False,False
641726,"Jefferies, Daulton",1,0,0,8,6,4,11,15.0,False,False
641729,"Jimenez, Joe",6,1,5,57,30,35,34,45.333333333333336,False,True
641743,"Kay, Anthony",1,0,0,39,21,18,38,33.666666666666664,True,True
641745,"Keller, Brad",8,0,0,120,80,64,158,133.33333333333334,True,False
641755,"Kinley, Tyler",3,0,10,68,37,26,59,70.1,False,True
641771,"Kuhl, Chad",5,0,4,75,43,42,73,80.1,True,True
641778,"Lauer, Eric",7,0,2,117,42,41,94,118.66666666666667,True,False
641793,"Littell, Zack",4,2,7,63,20,24,46,61.666666666666664,False,True
641816,"Mahle, Tyler",13,0,0,210,75,64,158,180.0,True,False
641835,"Mayza, Tim",5,1,19,57,20,12,40,53.0,False,True
641907,"Murphy, Patrick",0,0,5,29,16,10,31,27.43333333333333,False,True
641927,"Ober, Bailey",3,0,0,96,43,19,92,92.1,True,False
641941,"Pagan, Emilio",4,0,17,69,34,18,56,63.333333333333336,False,True
642028,"Rogers, Josh",2,0,0,22,13,14,32,35.666666666666664,True,False
642048,"Saucedo, Tayler",0,0,1,19,13,10,22,25.333333333333332,False,True
642068,"Sheffield, Jordan",0,0,4,20,11,13,19,29.333333333333332,False,True
642100,"Speier, Gabe",0,0,0,5,1,0,10,7.666666666666667,False,True
642121,"Sulser, Cole",5,8,6,73,19,23,48,63.333333333333336,False,True
642130,"Taylor, Blake",4,0,5,41,15,22,38,42.666666666666664,False,True
642152,"Trivino, Lou",7,22,8,67,26,34,58,73.66666666666667,False,True
642203,"Widener, Taylor",2,0,1,73,34,37,65,70.1,True,True
642207,"Williams, Devin",8,3,23,87,15,28,36,54.0,False,True
642232,"Yarbrough, Ryan",9,0,0,117,88,27,163,155.0,True,True
642397,"Soto, Gregory",6,18,7,76,24,40,46,63.666666666666664,False,True
642528,"Loaisiga, Jonathan",9,5,18,69,17,16,56,70.66666666666667,False,True
642545,"Barria, Jaime",2,0,0,35,29,19,70,56.666666666666664,True,False
642547,"Peralta, Freddy",10,0,0,195,45,56,84,144.1,True,False
642701,"Santana, Dennis",2,0,7,46,26,32,48,54.666666666666664,False,True
642758,"Acevedo, Domingo",0,0,0,9,4,4,9,11.0,False,True
642759,"Fernandez, Julian",0,0,0,4,8,4,9,6.666666666666667,False,True
642770,"Guerra, Javy",0,0,0,3,2,2,4,3.6666666666666665,False,False
643256,"Cimber, Adam",3,1,7,51,18,16,61,71.66666666666667,False,True
643290,"Dunn, Justin",1,0,0,49,21,29,37,50.333333333333336,True,False
643316,"Fry, Paul",4,2,11,60,32,35,37,47.333333333333336,False,True
643327,"Godley, Zack",0,0,0,5,6,5,4,3.3333333333333335,False,False
643338,"Green, Chad",10,6,18,99,29,17,57,83.66666666666667,False,True
643377,"Jax, Griffin",4,0,0,65,58,29,82,82.0,True,False
643511,"Rogers, Tyler",7,13,30,55,20,13,74,81.0,False,True
643615,"Zeuch, T.J.",0,0,0,8,11,9,21,15.0,True,False
645261,"Alcantara, Sandy",9,0,0,201,73,50,171,205.33333333333334,True,False
646242,"Diaz, Jhonathan",1,0,0,9,6,7,11,13.0,False,False
647315,"Pop, Zach",1,0,3,51,25,24,54,54.666666666666664,False,True
649144,"Wells, Alexander",2,0,0,26,32,16,53,42.666666666666664,True,False
650382,"Hernandez, Darwinzon",2,0,12,54,15,31,29,40.0,False,True
650496,"Mejia, J.C.",1,0,0,47,48,24,60,52.333333333333336,True,True
650530,"Garcia, Bryan",3,2,3,32,33,25,48,39.333333333333336,False,True
650556,"Abreu, Bryan",3,1,7,36,23,18,35,36.0,False,True
650633,"King, Michael",2,0,3,62,25,24,57,63.333333333333336,True,True
650644,"Civale, Aaron",12,0,0,99,53,31,108,124.1,True,False
650668,"Mejia, Humberto",0,0,0,20,18,9,32,22.333333333333332,True,False
650671,"Quijada, Jose",0,0,5,38,13,15,20,25.333333333333332,False,True
650893,"Cabrera, Genesis",4,0,28,77,29,36,52,70.0,False,True
650895,"Castillo, Diego",5,16,11,75,18,17,40,58.333333333333336,False,True
650911,"Sanchez, Cristopher",1,0,0,13,7,7,16,12.333333333333334,False,True
655889,"Rodriguez, Manuel",3,1,1,16,12,12,18,17.333333333333332,False,True
656061,"Abreu, Albert",2,1,4,35,21,19,27,36.666666666666664,False,True
656232,"Bielak, Brandon",3,1,2,46,25,21,48,50.0,False,True
656266,"Bukauskas, J.B.",2,0,1,14,15,7,24,17.333333333333332,False,True
656302,"Cease, Dylan",13,0,0,226,72,68,139,165.33333333333334,True,False
656322,"Coonrod, Sam",2,2,8,48,19,15,41,42.333333333333336,False,True
656353,"Davidson, Tucker",0,0,0,18,8,8,15,20.0,True,False
656354,"Davis, Austin",1,0,4,28,15,12,24,25.666666666666664,False,True
656420,"Feyereisen, J.P.",4,3,15,53,17,33,36,56.0,False,True
656427,"Flaherty, Jack",9,0,0,85,28,26,57,78.1,True,False
656457,"Gilbert, Tyler",2,0,1,25,14,13,28,40.0,True,False
656458,"Gilbreath, Lucas",3,1,4,44,16,23,33,42.666666666666664,False,True
656529,"Hentges, Sam",1,0,0,68,51,32,90,68.66666666666667,True,True
656546,"Hoffman, Jeff",3,0,2,79,37,45,70,73.0,True,True
656548,"Holloway, Jordan",2,0,0,36,16,26,23,36.0,True,True
656557,"Houck, Tanner",1,1,1,87,27,21,57,69.0,True,True
656578,"Jackson, Andre",0,1,0,10,3,6,10,11.333333333333334,False,False
656605,"Keller, Mitch",5,0,0,92,69,49,131,100.66666666666667,True,False
656620,"Klobosits, Gabe",0,0,4,5,8,5,13,11.1,False,True
656629,"Kopech, Michael",4,0,15,103,27,24,54,69.1,True,True
656638,"Lange, Alex",1,1,6,39,16,16,37,35.666666666666664,False,True
656685,"Martin, Brett",4,0,11,42,22,14,67,62.333333333333336,False,True
656686,"Martin, Corbin",0,0,0,13,19,14,23,16.0,True,False
656731,"Megill, Tylor",4,0,0,99,45,27,88,89.66666666666667,True,False
656756,"Montgomery, Jordan",6,0,0,162,67,51,150,157.1,True,False
656793,"Nelson, Nick",0,0,0,22,14,16,15,14.1,False,True
656794,"Newcomb, Sean",2,1,2,43,17,27,28,32.333333333333336,False,True
656803,"Norwood, James",0,0,0,3,0,3,6,5.0,False,True
656849,"Peterson, David",2,0,0,69,41,29,64,66.66666666666667,True,False
656876,"Rasmussen, Drew",4,1,1,73,24,25,57,76.0,True,True
656887,"Reid-Foley, Sean",2,0,0,26,12,9,22,20.333333333333332,False,True
656945,"Scott, Tanner",5,0,16,70,31,37,48,54.0,False,True
656954,"Sheffield, Justus",7,0,0,63,61,43,105,80.1,True,True
656981,"Solomon, Peter",1,0,0,10,2,8,10,14.0,False,True
657006,"Steele, Justin",4,0,1,59,27,27,50,57.0,True,True
657024,"Swanson, Erik",0,1,5,35,13,10,28,35.333333333333336,False,True
657031,"Taylor, Josh",1,1,15,60,18,23,45,47.666666666666664,False,True
657044,"Thompson, Ryan",3,0,11,37,9,9,26,34.0,False,True
657053,"Toussaint, Touki",3,0,0,48,25,22,43,50.0,True,False
657097,"Webb, Jacob",5,1,0,33,16,14,38,34.333333333333336,False,True
657140,"Wright, Kyle",0,0,0,6,7,5,7,6.1,False,False
657141,"Yamamoto, Jordan",1,0,0,3,3,2,10,6.666666666666667,False,False
657240,"Merryweather, Julian",0,2,1,12,7,4,13,13.0,False,True
657248,"Otto, Glenn",0,0,0,28,24,8,32,23.333333333333332,True,False
657277,"Webb, Logan",11,0,1,158,50,36,128,148.1,True,False
657376,"Schmidt, Clarke",0,0,0,6,4,5,11,6.1,False,False
657508,"Baumann, Mike",1,0,1,5,11,6,13,10.0,False,False
657612,"Hill, Tim",6,1,19,56,24,23,51,59.666666666666664,False,True
657624,"James, Josh",0,0,0,8,3,2,4,5.0,False,True
657746,"Ryan, Joe",2,0,0,30,12,5,16,26.333333333333332,True,False
657756,"Seabold, Connor",0,0,0,0,2,2,3,3.0,False,False
658431,"Medina, Adonis",0,0,0,6,3,4,9,7.666666666666667,False,False
658551,"Fernandez, Junior",1,0,0,15,13,15,25,20.333333333333332,False,True
658648,"Avila, Pedro",0,0,0,5,1,3,4,4.0,False,False
659275,"Lamet, Dinelson",2,0,2,57,23,22,48,47.0,True,True
660271,"Ohtani, Shohei",9,0,0,156,46,44,98,130.1,True,False
660546,"Diaz, Yennsy",0,0,0,21,15,12,25,25.0,False,True
660600,"Paredes, Enoli",0,0,2,15,6,17,7,8.333333333333334,False,True
660623,"Ynoa, Huascar",4,0,0,100,41,25,76,91.0,True,False
660761,"Suarez, Jose",8,0,0,85,41,36,85,98.1,True,True
660813,"Graterol, Brusdar",3,0,4,27,17,13,34,33.333333333333336,False,True
660825,"Bazardo, Eduard",0,0,0,3,0,2,1,3.0,False,False
660896,"Alcala, Jorge",3,1,11,61,26,13,45,59.666666666666664,False,True
660906,"Perez, Francisco",0,0,0,5,3,3,6,6.666666666666667,False,False
661255,"Lopez, Yoan",0,0,2,13,9,6,18,12.1,False,True
661269,"Gutierrez, Vladimir",9,0,0,88,60,46,115,114.0,True,False
661383,"Ortega, Oliver",1,0,0,4,5,2,12,9.1,False,True
661403,"Clase, Emmanuel",4,24,6,74,10,16,51,69.66666666666667,False,True
661527,"Martinez, Seth",0,0,0,3,5,3,5,3.0,False,False
661563,"Gil, Luis",1,0,0,38,10,19,20,29.333333333333332,True,False
662253,"Munoz, Andres",0,0,0,1,0,2,0,0.6666666666666666,False,False
663372,"Feltner, Ryan",0,0,0,6,8,5,9,6.1,False,False
663378,"Szapucki, Thomas",0,0,0,4,6,3,7,3.6666666666666665,False,False
663399,"Waddell, Brandon",0,0,0,7,7,9,14,9.1,False,True
663423,"Thornton, Trent",1,0,0,52,26,16,54,49.0,True,True
663432,"Rainey, Tanner",1,3,10,42,26,25,29,31.333333333333332,False,True
663460,"Bubic, Kris",6,0,0,114,64,59,121,130.0,True,True
663465,"Allard, Kolby",3,0,1,104,75,31,128,124.66666666666667,True,True
663474,"McKenzie, Triston",5,0,0,136,66,58,84,120.0,True,False
663531,"Allen, Logan",2,0,0,37,35,17,58,50.333333333333336,True,False
663554,"Mize, Casey",7,0,0,118,62,41,130,150.1,True,False
663556,"McClanahan, Shane",10,0,0,141,47,37,120,123.1,True,False
663558,"Moran, Jovani",0,0,0,10,7,7,9,8.0,False,True
663559,"Falter, Bailey",2,0,2,34,21,6,34,33.666666666666664,False,True
663567,"Lambert, Peter",0,0,0,3,7,2,12,5.666666666666667,False,False
663574,"Santillan, Tony",1,0,0,56,14,21,34,43.333333333333336,True,True
663734,"Neidert, Nick",1,0,0,21,18,23,31,35.666666666666664,True,False
663738,"Lynch, Daniel",4,0,0,55,43,31,80,68.0,True,False
663753,"Knehr, Reiss",1,0,0,20,16,20,23,29.0,True,True
663765,"Woodford, Jake",3,0,0,50,30,25,66,67.66666666666667,True,True
663770,"Evans, Demarcus",0,0,3,33,15,16,24,26.333333333333332,False,True
663776,"Sandoval, Patrick",3,1,0,94,35,36,69,87.0,True,False
663804,"Kowar, Jackson",0,0,0,29,38,20,43,30.333333333333332,True,False
663855,"Hicks, Jordan",0,0,3,10,6,10,5,10.0,False,True
663878,"Pearson, Nate",1,0,0,20,7,12,14,15.0,False,True
663903,"Singer, Brady",5,0,0,131,70,53,146,128.1,True,False
663959,"Ivey, Tyler",0,0,0,3,4,1,6,4.666666666666667,False,False
663978,"Paddack, Chris",7,0,0,99,61,22,115,108.1,True,False
663986,"Stephan, Trevor",3,1,3,75,31,31,58,63.333333333333336,False,True
664054,"Stashak, Cody",0,0,2,26,12,10,16,15.333333333333334,False,True
664062,"Gonsolin, Tony",4,0,0,65,20,34,41,55.666666666666664,True,False
664076,"Cleavinger, Garrett",2,0,0,21,6,12,20,18.0,False,True
664092,"Poppen, Sean",1,1,1,26,13,9,31,22.666666666666664,False,True
664123,"Effross, Scott",2,0,3,18,6,1,13,14.333333333333334,False,True
664126,"Fairbanks, Pete",3,5,14,56,17,21,40,42.666666666666664,False,True
664141,"Brubaker, JT",5,0,0,129,74,38,123,124.1,True,False
664192,"Lucchesi, Joey",1,0,0,41,19,11,34,38.333333333333336,True,False
664199,"Clarke, Taylor",1,0,7,39,24,14,52,43.333333333333336,False,True
664208,"Maton, Phil",6,0,5,85,35,32,65,66.66666666666667,False,True
664285,"Valdez, Framber",11,0,0,125,47,58,110,134.33333333333334,True,False
664294,"Moreta, Dauri",0,0,0,4,1,1,2,3.6666666666666665,False,False
664299,"Javier, Cristian",4,2,5,130,40,53,67,101.1,True,True
664337,"Yajure, Miguel",0,0,0,11,14,7,17,15.0,True,False
664353,"Urquidy, Jose",8,0,0,90,43,19,87,107.0,True,False
664584,"Romero, Jhon",0,0,0,3,2,0,5,4.0,False,True
664776,"Cousins, Jake",1,0,7,44,9,19,16,30.0,False,True
664854,"Helsley, Ryan",6,1,10,47,24,27,40,47.333333333333336,False,True
664875,"Lawrence, Justin",1,0,2,17,16,19,21,16.333333333333332,False,True
664948,"Misiewicz, Anthony",5,0,19,53,28,15,61,54.666666666666664,False,True
665152,"Kremer, Dean",0,0,0,47,45,25,63,53.666666666666664,True,False
665620,"Garcia, Deivi",0,0,0,7,6,4,8,8.1,False,False
665621,"Garcia, Rony",0,0,0,2,1,2,1,3.6666666666666665,False,False
665625,"Peguero, Elvis",0,0,0,0,7,3,7,2.3333333333333335,False,False
665645,"Castro, Kervin",1,0,0,13,0,4,13,13.1,False,True
665665,"Sanmartin, Reiver",2,0,0,11,2,2,12,11.333333333333334,False,False
665733,"Santos, Antonio",0,0,0,10,6,5,9,11.1,False,True
665795,"Cabrera, Edward",0,0,0,28,17,19,24,26.333333333333332,True,False
665854,"Oviedo, Luis",1,0,0,31,29,26,33,29.333333333333332,False,True
665896,"Marte, Jose",0,0,0,5,4,3,4,4.0,False,False
666120,"Anderson, Ian",9,0,0,124,51,53,105,128.1,True,False
666129,"Garrett, Braxton",1,0,0,32,19,20,42,34.0,True,False
666159,"Manning, Matt",4,0,0,57,55,33,96,85.1,True,False
666168,"Thompson, Mason",1,0,7,23,11,15,32,24.333333333333332,False,True
666200,"Luzardo, Jesus",6,0,1,98,70,48,106,95.33333333333334,True,True
666201,"Manoah, Alek",9,0,0,127,40,40,77,111.66666666666667,True,False
666205,"Muller, Kyle",2,0,0,37,17,20,26,36.666666666666664,True,False
666619,"Santos, Gregory",0,0,1,3,5,2,5,2.0,False,False
666808,"Doval, Camilo",5,3,6,37,9,9,19,27.0,False,True
666818,"Frias, Luis",0,0,1,3,1,5,2,3.3333333333333335,False,False
667297,"Nance, Tommy",1,0,5,30,23,13,25,28.333333333333332,False,True
667373,"Rondon, Angel",0,0,0,1,0,1,1,2.0,False,False
667376,"Sanchez, Miguel",2,0,0,23,12,14,27,26.0,False,True
667463,"King, John",7,0,4,40,18,12,41,46.0,False,True
667465,"Fletcher, Aaron",0,0,0,2,5,1,7,3.6666666666666665,False,False
667725,"Tyler, Kyle",0,0,0,6,4,6,8,12.1,False,True
668676,"Plesac, Zach",10,0,0,100,74,34,137,142.33333333333334,True,False
668678,"Gallen, Zac",4,0,0,139,58,49,108,121.1,True,False
668820,"Kranick, Max",2,0,0,32,27,19,47,38.666666666666664,True,False
668968,"Crouse, Hans",0,0,0,2,4,7,4,7.0,False,False
669060,"Wilson, Bryse",3,0,0,46,44,22,85,74.0,True,False
669145,"Zimmermann, Bruce",4,0,0,56,36,22,75,64.1,True,False
669169,"Heasley, Jon",1,0,0,6,8,3,15,14.333333333333334,True,False
669203,"Burnes, Corbin",11,0,0,234,45,34,123,167.0,True,False
669211,"Akin, Keegan",2,0,0,82,70,40,110,95.0,True,True
669212,"Morgan, Eli",5,0,0,81,53,22,90,89.1,True,False
669276,"Lee, Dylan",0,0,0,3,2,0,3,2.0,False,False
669294,"Campbell, Paul",2,0,0,26,19,10,32,26.333333333333332,False,True
669302,"Gilbert, Logan",6,0,0,128,62,28,112,119.1,True,False
669330,"Wells, Tyler",2,4,1,65,26,12,40,57.0,False,True
669358,"Baz, Shane",2,0,0,18,3,3,6,13.1,True,False
669373,"Skubal, Tarik",8,0,0,164,72,47,141,149.1,True,False
669395,"Coleman, Dylan",0,0,0,7,1,1,5,6.1,False,True
669424,"Lambert, Jimmy",1,0,0,10,9,6,16,13.0,True,False
669432,"Rogers, Trevor",7,0,0,157,39,46,107,133.0,True,False
669456,"Bieber, Shane",7,0,0,134,34,33,84,96.66666666666667,True,False
669459,"Nelson, Kyle",0,0,0,8,10,8,10,9.333333333333334,False,True
669618,"Barlow, Joe",0,11,3,27,5,12,12,29.0,False,True
669622,"Bender, Anthony",3,3,12,71,19,20,45,61.333333333333336,False,True
669674,"Long, Sam",2,0,0,38,25,15,37,40.666666666666664,True,True
669912,"Snead, Kirby",0,0,0,7,2,2,7,7.666666666666667,False,True
669935,"Alexy, A.J.",3,0,0,17,12,17,13,23.0,True,False
669952,"White, Mitch",1,0,0,49,19,17,38,46.666666666666664,True,True
670050,"Ridings, Stephen",0,0,1,7,1,2,4,5.0,False,True
670056,"Baragar, Caleb",2,2,7,16,4,12,19,23.0,False,True
670090,"Mills, Wyatt",0,0,0,11,14,7,19,12.333333333333334,False,True
670280,"Bednar, David",3,3,13,77,15,19,40,60.666666666666664,False,True
670912,"Oviedo, Johan",0,0,0,51,34,37,61,62.333333333333336,True,False
670950,"Richards, Trevor",7,1,6,78,25,22,40,64.0,False,True
670955,"Uceta, Edwin",0,0,0,25,15,12,19,20.333333333333332,False,True
670990,"Ramirez, Yohan",1,2,0,35,12,12,18,27.333333333333332,False,True
671345,"Foley, Jason",0,0,3,6,3,5,8,10.1,False,True
671790,"Bolanos, Ronald",0,0,0,10,1,2,4,6.1,False,False
672282,"Detmers, Reid",1,0,0,19,17,11,26,20.333333333333332,True,False
672335,"Perez, Cionel",1,0,0,25,17,20,21,24.0,False,True
672578,"Hernandez, Carlos",6,0,0,74,35,41,69,85.66666666666667,True,True
672582,"Zerpa, Angel",0,0,0,4,0,1,3,5.0,False,False
672710,"Contreras, Roansy",0,0,0,4,0,1,3,3.0,False,False
672715,"Patino, Luis",5,0,0,74,37,29,69,77.1,True,False
672851,"Adon, Joan",0,0,0,9,2,3,6,5.1,False,False
674944,"Guenther, Sean",0,0,0,15,21,10,31,20.333333333333332,False,True
675911,"Strider, Spencer",1,0,0,0,1,1,2,2.3333333333333335,False,False
675912,"Lowther, Zac",1,0,0,30,22,13,36,29.333333333333332,True,False
675916,"Karinchak, James",7,11,13,78,25,32,35,55.333333333333336,False,True
675921,"Howard, Spencer",0,0,0,52,41,27,53,49.666666666666664,True,False
676050,"Naughton, Packy",0,0,0,12,16,14,27,22.333333333333332,True,False
676051,"Heuer, Codi",7,2,18,56,32,23,65,67.0,False,True
676083,"Junk, Janson",0,0,0,10,7,2,20,16.333333333333332,True,False
676103,"Jones, Damon",0,0,0,0,0,2,1,0.3333333333333333,False,False
676265,"Abbott, Cory",0,0,0,12,13,11,20,17.333333333333332,False,True
676424,"Bettinger, Alec",0,0,0,5,15,3,18,10.0,False,False
676477,"Whitlock, Garrett",8,2,14,81,16,17,64,73.1,False,True
676596,"Fleming, Josh",10,1,3,65,59,31,110,104.1,True,True
676606,"Margevicius, Nick",0,0,0,12,11,7,13,12.0,True,False
676617,"O'Brien, Riley",0,0,0,2,2,3,2,1.3333333333333333,False,False
676710,"Crawford, Kutter",0,0,0,2,5,2,5,2.0,False,False
676755,"Mattson, Isaac",0,0,0,3,3,5,5,4.1,False,False
676766,"Snyder, Nick",0,0,1,1,2,3,3,3.6666666666666665,False,False
676831,"Whitley, Kodi",0,0,4,27,7,12,15,25.333333333333332,False,True
676840,"Peacock, Matt",5,0,0,50,47,28,107,86.1,True,True
676879,"Ashby, Aaron",3,1,1,39,16,12,25,31.333333333333332,True,True
676979,"Crochet, Garrett",3,0,14,65,17,27,42,54.333333333333336,False,True
677651,"Garcia, Luis",11,0,0,167,60,50,133,155.1,True,False
677865,"Bruihl, Justin",0,0,3,11,6,7,13,18.333333333333332,False,True
677960,"Weathers, Ryan",4,1,0,72,56,30,101,94.66666666666667,True,True
680686,"Gray, Josiah",2,0,0,76,43,33,63,70.66666666666666,True,False
680692,"Stiever, Jonathan",0,0,0,0,3,0,4,0.0,False,False
680704,"Sandlin, Nick",1,0,5,48,11,17,21,33.666666666666664,False,True
681806,"Wantz, Andrew",1,0,0,38,15,11,23,27.333333333333332,False,True
681810,"Warren, Austin",3,1,2,20,4,5,16,20.333333333333332,False,True
681867,"Criswell, Cooper",0,0,0,0,3,0,6,1.3333333333333333,False,False
681911,"Vesia, Alex",3,1,10,54,10,22,17,40.0,False,True
